﻿<?xml version="1.0" encoding="utf-8" ?>
<ContactList>
	<Contact Id="001">
		<ContactName >Maria Anders</ContactName>
		<Company>Alfreds Futterkiste</Company>
		<Phone>030-0074321</Phone>
		<BirthDate>1985-1-5</BirthDate>
		<Sex>0</Sex>
	</Contact>
	<Contact Id="002">
		<ContactName >Thomas Hardy</ContactName>
		<Company>Around  &amp; The Horn</Company>
		<Phone>(171) 555-7788</Phone>
		<BirthDate>1987-5-5</BirthDate>
		<Sex>1</Sex>
	</Contact>
	<Contact Id="003">
		<ContactName >Elizabeth Lincoln</ContactName>
		<Company>Bottom-Dollar &amp; Markets</Company>
		<Phone>(604) 555-4729</Phone>
		<BirthDate>1987-6-5</BirthDate>
		<Sex>0</Sex>
	</Contact>
	<Contact Id="004">
		<ContactName >alexa fila</ContactName>
		<Company>amazona</Company>
		<Phone>(604) 454 444</Phone>
		<BirthDate>1984-6-5</BirthDate>
		<Sex>1</Sex>
	</Contact>
</ContactList>
